run_id,site,condition,core_attempts
practice_shopping_random_run_01,practice_shopping,random,PS04@2;PS02@3;PS01@4;PS10@6;PS11@7
run_02,practice_shopping,random,PS04@1;PS02@2;PS08@4;PS12@7;PS13@8;PS14@9;PS15@11
run_03,practice_shopping,random,PS02@1;PS04@2;PS10@9;PS11@10
practice_shopping_linear_run_01,practice_shopping,linear,PS02@1;PS04@9;PS08@10;PS10@11;PS12@13;PS14@15;PS15@16
run_02,practice_shopping,linear,PS02@1;PS04@8;PS08@10;PS12@12;PS13@13;PS14@14;PS15@15
run_03,practice_shopping,linear,PS02@5;PS04@8;PS08@10;PS10@11;PS12@12;PS13@13;PS14@14;PS15@16
practice_shopping_full_replacement_01,practice_shopping,full,PS02@5;PS04@9;PS08@10;PS10@11;PS12@13;PS14@15;PS15@16
run_02_replacement_03,practice_shopping,full,PS02@2;PS04@8;PS08@10;PS12@12;PS13@13;PS14@14;PS15@15;PS10@17;PS11@18
run_03,practice_shopping,full,PS02@7;PS04@9;PS08@10;PS10@11;PS12@12;PS13@13;PS14@14;PS15@16
saucedemo_random_run_01,saucedemo,random,SD01@3
run_02_replacement_01,saucedemo,random,SD01@1;SD02@2;SD07@5;SD13@6;SD05@7;SD06@8;SD14@10;SD17@13
run_03,saucedemo,random,SD01@1;SD02@3;SD07@6;SD14@7;SD15@8;SD17@9;SD13@10
saucedemo_linear_run_01,saucedemo,linear,SD01@1;SD02@2;SD05@3;SD03@4;SD07@5;SD12@6;SD14@7;SD15@8;SD16@9;SD20@10
run_02,saucedemo,linear,SD02@3;SD05@4;SD03@5;SD07@6;SD12@7;SD14@8;SD15@9;SD16@10;SD20@11;SD13@14
linear_run_03,saucedemo,linear,SD01@1;SD02@3;SD05@4;SD07@8;SD12@9;SD13@10
saucedemo_full_run_01,saucedemo,full,SD02@3;SD05@4;SD12@8;SD14@9;SD15@10;SD16@11;SD20@12;SD07@14;SD13@15;SD17@17;SD19@18;SD21@19
run_02,saucedemo,full,SD01@1;SD02@2;SD05@3;SD03@4;SD07@6;SD12@7;SD13@8;SD14@10;SD15@11;SD16@12;SD20@13;SD17@17;SD19@18;SD21@19
full_run_03,saucedemo,full,SD01@2;SD02@3;SD05@4;SD07@8;SD12@9;SD14@10;SD15@11;SD16@12;SD20@13;SD13@17;SD17@19;SD19@20;SD21@21
