sample_id,sample_valid,invalid_reason,function_exists,functional_outcome,notes
S001,true,,yes,success,"Username and password are visibly populated."
S002,true,,yes,success,"Username and password are visibly populated."
S003,true,,yes,success,"Username is visibly populated."
S004,true,,yes,success,"Login form transitions to the product catalog."
S005,true,,yes,success,"Login form transitions to the product catalog."
S006,true,,yes,success,"Password field is visibly populated."
S007,true,,yes,success,"Cart count and item control show one added item."
S008,true,,yes,success,"Cart count and item control show one added item."
S009,true,,yes,success,"Login form transitions to the product catalog."
S010,true,,yes,success,"At least one grouped attempt visibly changes product ordering."
S011,true,,yes,success,"At least one grouped attempt visibly changes product ordering."
S012,true,,yes,success,"Cart count and item control show one added item."
S013,true,,yes,success,"Cart contents surface becomes visible."
S014,true,,yes,success,"Cart contents surface becomes visible."
S015,true,,no,failure,"Visible catalog exposes sorting, not a filtering function; no filter result is evidenced."
S016,true,,yes,success,"The cart item is no longer shown after removal."
S017,true,,yes,success,"The cart item is no longer shown after removal."
S018,true,,yes,success,"Checkout information surface becomes visible."
S019,true,,yes,success,"Checkout information surface becomes visible."
S020,true,,yes,success,"Cart contents surface becomes visible."
S021,true,,yes,failure,"Neither grouped attempt visibly shows the required checkout fields populated."
S022,true,,yes,failure,"Grouped evidence does not directly show completion of the required information fields."
S023,true,,yes,success,"The cart item is no longer shown after removal."
S024,true,,yes,success,"Checkout information surface becomes visible."
S025,true,,yes,success,"Checkout is canceled and the previous shopping surface is visible."
S026,true,,yes,success,"The checkout overview surface becomes visible."
S027,true,,yes,failure,"Neither grouped attempt visibly shows all required checkout fields populated."
S028,true,,yes,success,"The shopping catalog becomes visible."
S029,true,,yes,success,"Checkout is canceled and the cart surface becomes visible."
S030,true,,yes,failure,"Grouped screenshots do not directly support a changed product order."
S031,true,,yes,failure,"Before/after screenshots do not directly support a changed product order."
S032,true,,yes,success,"Checkout is canceled and the cart surface becomes visible."
S033,true,,yes,success,"Cart contents surface becomes visible."
S034,true,,yes,success,"The shopping catalog becomes visible."
S035,true,,yes,success,"The shopping catalog becomes visible."
S036,true,,no,failure,"Visible catalog exposes sorting, not a filtering function; no filter result is evidenced."
S037,true,,yes,success,"Cart contents surface becomes visible."
S038,true,,yes,success,"Checkout is canceled and the previous surface becomes visible."
S039,true,,yes,success,"Order-complete confirmation surface becomes visible."
S040,true,,yes,success,"Home or shopping surface becomes visible."
